<?xml version="1.0" encoding="UTF-8"?>
<beans xmlns="http://www.springframework.org/schema/beans"
	xmlns:mvc="http://www.springframework.org/schema/mvc"
	xmlns:context="http://www.springframework.org/schema/context"
	xmlns:xsi="http://www.w3.org/2001/XMLSchema-instance"
	xsi:schemaLocation="
        http://www.springframework.org/schema/beans     
        http://www.springframework.org/schema/beans/spring-beans.xsd
        http://www.springframework.org/schema/mvc 
        http://www.springframework.org/schema/mvc/spring-mvc.xsd
        http://www.springframework.org/schema/context 
        http://www.springframework.org/schema/context/spring-context.xsd">
        <context:annotation-config></context:annotation-config>
        <context:component-scan
		base-package="com.virtusa.*" />
        
        <bean id="dataSource" class="org.apache.commons.dbcp.BasicDataSource">
			<property name="driverClassName"  value="oracle.jdbc.driver.OracleDriver"></property>
			<property name="url" value="jdbc:oracle:thin:@localhost:1521:xe"></property>
			<property name="username" value="spring"></property>
			<property name="password" value="spring"></property>
		</bean>
    	<bean id="sessionFactory"	class="org.springframework.orm.hibernate5.LocalSessionFactoryBean">
			<property name="dataSource" ref="dataSource"></property>
			<property name="mappingResources">
			<list>
				<value>com/virtusa/day12springhypernatedemo/resources/topic.hbm.xml</value>
				<value>com/virtusa/day12springhypernatedemo/resources/person.hbm.xml</value>
				<value>com/virtusa/day12springhypernatedemo/resources/category.hbm.xml</value>
				<value>com/virtusa/day12springhypernatedemo/resources/productQty.hbm.xml</value>
			</list>
			</property>
			
			<property name="hibernateProperties">
				<props>
					<prop key="hibernate.dialect">org.hibernate.dialect.Oracle10gDialect</prop>
					<prop key="hibernate.hbm2ddl.auto">update</prop>
					<prop key="hibernate.show_sql">true</prop>
				</props>
			</property>
		</bean>
   <!--  <bean id="template" class="org.springframework.orm.hibernate5.HibernateTemplate">
	<property name="sessionFactory" ref="sessionFactory"></property>
	</bean> -->
     <bean id="topic" class="com.virtusa.day12springhypernatedemo.models.Topic">
   <!--  <property name="template" ref="template"></property> -->
    
    </bean> 
    <bean id="person" class="com.virtusa.day12springhypernatedemo.models.Person"></bean>
    
   <bean id="user" class="com.virtusa.day12springhypernatedemo.models.User"></bean>
    
  <bean id="admin" class="com.virtusa.day12springhypernatedemo.models.Admin"></bean>
  
  <bean id="category" class="com.virtusa.day12springhypernatedemo.models.Category"></bean>
  
  <bean id="product" class="com.virtusa.day12springhypernatedemo.models.Product" scope="prototype"></bean>
  <bean id="productQty" class="com.virtusa.day12springhypernatedemo.models.ProductQty" scope="prototype"></bean>
    
    <bean id="topicDao" class="com.virtusa.day12springhypernatedemo.dao.implementation.TopicDaoImpl">
    <property name="sessionFactory" ref="sessionFactory"></property>
    </bean>
    
    <bean id="personDao" class="com.virtusa.day12springhypernatedemo.dao.implementation.PersonDaoImpl">
    <property name="sessionFactory" ref="sessionFactory"></property>
    </bean>
    
    <bean id="categoryDao" class="com.virtusa.day12springhypernatedemo.dao.implementation.CategoryDaoImpl">
    <property name="sessionFactory" ref="sessionFactory"></property>
    </bean>
    
    <bean id="productQtyDao" class="com.virtusa.day12springhypernatedemo.dao.implementation.ProductQtyDaoImpl">
    <property name="sessionFactory" ref="sessionFactory"></property>
    </bean>
    
</beans>