<!DOCTYPE hibernate-mapping PUBLIC
          "-//Hibernate/Hibernate Mapping DTD 3.0//EN"
          "http://hibernate.sourceforge.net/hibernate-mapping-3.0.dtd">

          <hibernate-mapping>
          <class name="com.virtusa.day12springhypernatedemo.models.Category" table="Day12Category">
          <id name="categoryId">
          <column name="Category_ID"></column>
          <generator class="assigned"></generator>
          </id>
          <property name="categoryName"  length="50" not-null="true"></property>
          <list name="productList" cascade="all">
          <key column="Category_ID" ></key>
          <index column="Sequence"></index>
          <one-to-many class="com.virtusa.day12springhypernatedemo.models.Product" ></one-to-many>
          </list>
          </class>
          
          <class name="com.virtusa.day12springhypernatedemo.models.Product" table="Day12Product">
          <id name="productId">
          <generator class="assigned"></generator>
          </id>
          <property name="productName" column="Product_Name"></property>
          <property name="dop" column="Date_of_Purchase"></property>
          <property name="cost" column="Cost"></property>
          </class>
          
          </hibernate-mapping>
          