<!DOCTYPE hibernate-mapping PUBLIC
          "-//Hibernate/Hibernate Mapping DTD 3.0//EN"
          "http://hibernate.sourceforge.net/hibernate-mapping-3.0.dtd">

          <hibernate-mapping>
          <class name="com.virtusa.day12springhypernatedemo.models.Increment" table="incrementTable">
          <id name="id">
          <generator class="sequence">
          <param name="topic_seq"></param>
          </generator>
          </id>
          
          <property name="message"></property>
          </class>
          
          </hibernate-mapping>