<!DOCTYPE hibernate-mapping PUBLIC
          "-//Hibernate/Hibernate Mapping DTD 3.0//EN"
          "http://hibernate.sourceforge.net/hibernate-mapping-3.0.dtd">

          <hibernate-mapping>
          <class name="com.virtusa.day12springhypernatedemo.models.Person" table="Day120Person" >
          
          <id name="mobile" column="Mobile_No">
          <generator class="assigned"></generator>
          </id>
          <discriminator column="Object_Type" type="string"></discriminator>
          
          <property name="name" column="Name" length="50" not-null="true"></property>
          <property name="address" column="Address"></property>
          
          <joined-subclass name="com.virtusa.day12springhypernatedemo.models.User" table="Day121person">
          <key column="Mobile_No"></key>
          <property name="LimitedAccess"></property>
          </joined-subclass>
          <joined-subclass name="com.virtusa.day12springhypernatedemo.models.Admin" table="Day122person">
          <key column="Mobile_No"></key>
          <property name="grantPrivilege"></property>
          </joined-subclass>
          </class>
          </hibernate-mapping>