<!DOCTYPE hibernate-mapping PUBLIC
          "-//Hibernate/Hibernate Mapping DTD 3.0//EN"
          "http://hibernate.sourceforge.net/hibernate-mapping-3.0.dtd">

          <hibernate-mapping>
          <class name="com.virtusa.day12springhypernatedemo.models.Person" table="Day12Person" discriminator-value="person">
          
          <id name="mobile" column="Mobile_No">
          <generator class="assigned"></generator>
          </id>
          <discriminator column="Object_Type" type="string"></discriminator>
          
          <property name="name" column="Name" length="50" not-null="true"></property>
          <property name="address" column="Address"></property>
          
          <subclass name="com.virtusa.day12springhypernatedemo.models.User" discriminator-value="user">
          <property name="LimitedAccess"></property>
          </subclass>
          <subclass name="com.virtusa.day12springhypernatedemo.models.Admin" discriminator-value="admin">
          <property name="grantPrivilege"></property>
          </subclass>
          </class>
          </hibernate-mapping>