<!DOCTYPE hibernate-mapping PUBLIC
          "-//Hibernate/Hibernate Mapping DTD 3.0//EN"
          "http://hibernate.sourceforge.net/hibernate-mapping-3.0.dtd">

          <hibernate-mapping>
          <class name="com.virtusa.day12springhypernatedemo.models.ProductQty" table="Day13productQty">
          <id name="productQtyId">
          <generator class="foreign">
          <param name="property">product</param>
          </generator>
          </id>
          <property name="purchaseQty"></property>
          <property name="amount"></property>
          <one-to-one name="product" class="com.virtusa.day12springhypernatedemo.models.Product" ></one-to-one>
          </class>
          
          
          
          </hibernate-mapping>
          