<!DOCTYPE hibernate-mapping PUBLIC
          "-//Hibernate/Hibernate Mapping DTD 3.0//EN"
          "http://hibernate.sourceforge.net/hibernate-mapping-3.0.dtd">

          <hibernate-mapping>
          <class name="com.virtusa.day12springhypernatedemo.models.Topic" table="topic">
          <id name="topicID">
          <generator class="org.hibernate.id.enhanced.SequenceStyleGenerator">
          <param name="prefer_sequence_per_entity">true</param>
          <param name="optimizer">none</param>
          <param name="increment_size">1</param>
          <param name="sequence_name">topic_seq</param>
          </generator>
          </id>
          
          <property name="description"></property>
          <property name="doc"></property>
          </class>
          
          </hibernate-mapping>